timestamp,user_message,bot_reply
2026-05-18 19:18:47,data science,"Our Data Science (Industry) course is a popular choice.
Key details: 
Rs. 49,990
8 Months · 200 hrs
Contact us to learn more: 
+91-7827833259
0707kumar.shivam@gmail.com"
2026-05-18 19:38:05,ML,"Our Machine Learning course is a popular choice.

Machine Learning (Advanced) 
Rs. 59,990 
6 Months · 150 hrs

Would you like to know more or enroll?"
2026-05-18 21:42:06,best course for biggner,"For a beginner, I'd recommend:
Python Programming (Beginner) 
Rs. 29,990 
3 Months · 60 hrs

It's a great starting point, and Python is a versatile language. 
Would you like to enroll or know more?"
2026-05-18 21:42:45,how is the teacher,"Our teachers are experienced and highly rated. 
We have a 4.8 star rating and 94% placement rate.
You can also check our reviews and testimonials. 
Would you like to talk to our counselor for more info?"
2026-05-18 21:43:02,okay,"You can reach us at:
Phone: +91-7827833259
Email: 0707kumar.shivam@gmail.com
We're here to help."
